"http://swlab.ic.uff.br/resource/bioportal-rex-uni-mannheim","http://swlab.ic.uff.br/resource/bioportal-go_x2","http://swlab.ic.uff.br/resource/bioportal-ino","http://swlab.ic.uff.br/resource/bioportal-csp","http://swlab.ic.uff.br/resource/bioportal-mi","http://swlab.ic.uff.br/resource/bioportal-sio","http://swlab.ic.uff.br/resource/bioportal-snomedct","http://swlab.ic.uff.br/resource/bioportal-go_x1"
"http://swlab.ic.uff.br/resource/bioportal-lipro-uni-mannheim","http://swlab.ic.uff.br/resource/bioportal-sopharm","http://swlab.ic.uff.br/resource/bioportal-csp","http://swlab.ic.uff.br/resource/bioportal-npo","http://swlab.ic.uff.br/resource/bioportal-snomedct","http://swlab.ic.uff.br/resource/bioportal-ndfrt","http://swlab.ic.uff.br/resource/bioportal-lnc"
"http://swlab.ic.uff.br/resource/bioportal-vt-uni-mannheim","http://swlab.ic.uff.br/resource/bioportal-snomedct","http://swlab.ic.uff.br/resource/bioportal-csp","http://swlab.ic.uff.br/resource/bioportal-lnc","http://swlab.ic.uff.br/resource/bioportal-go_x2","http://swlab.ic.uff.br/resource/bioportal-go_x1"
"http://swlab.ic.uff.br/resource/bioportal-unitsontology-uni-mannheim","http://swlab.ic.uff.br/resource/bioportal-npo","http://swlab.ic.uff.br/resource/bioportal-teo","http://swlab.ic.uff.br/resource/bioportal-sopharm","http://swlab.ic.uff.br/resource/bioportal-oboe-sbc","http://swlab.ic.uff.br/resource/bioportal-snomedct"
"http://swlab.ic.uff.br/resource/bioportal-exo-uni-mannheim","http://swlab.ic.uff.br/resource/bioportal-lnc","http://swlab.ic.uff.br/resource/bioportal-birnlex","http://swlab.ic.uff.br/resource/bioportal-nif_cell","http://swlab.ic.uff.br/resource/bioportal-nif_dysfunction","http://swlab.ic.uff.br/resource/bioportal-csp","http://swlab.ic.uff.br/resource/bioportal-snomedct"
"http://swlab.ic.uff.br/resource/bio2rdf-omim-uni-mannheim","http://swlab.ic.uff.br/resource/bio2rdf-omim"
"http://swlab.ic.uff.br/resource/bioportal-propreo-uni-mannheim","http://swlab.ic.uff.br/resource/bioportal-npo","http://swlab.ic.uff.br/resource/bioportal-csp","http://swlab.ic.uff.br/resource/bioportal-lnc","http://swlab.ic.uff.br/resource/bioportal-nif_dysfunction","http://swlab.ic.uff.br/resource/bioportal-ero","http://swlab.ic.uff.br/resource/bioportal-sio","http://swlab.ic.uff.br/resource/bioportal-snomedct","http://swlab.ic.uff.br/resource/bioportal-nif_cell"
"http://swlab.ic.uff.br/resource/bioportal-atmo-uni-mannheim","http://swlab.ic.uff.br/resource/bioportal-snomedct","http://swlab.ic.uff.br/resource/bioportal-doid","http://swlab.ic.uff.br/resource/bioportal-lnc","http://swlab.ic.uff.br/resource/bioportal-csp","http://swlab.ic.uff.br/resource/bioportal-pma"
"http://swlab.ic.uff.br/resource/bioportal-ypo-uni-mannheim","http://swlab.ic.uff.br/resource/bioportal-go_x2","http://swlab.ic.uff.br/resource/bioportal-csp","http://swlab.ic.uff.br/resource/bioportal-sopharm","http://swlab.ic.uff.br/resource/bioportal-nif_dysfunction","http://swlab.ic.uff.br/resource/bioportal-nif_cell","http://swlab.ic.uff.br/resource/bioportal-snomedct","http://swlab.ic.uff.br/resource/bioportal-apo","http://swlab.ic.uff.br/resource/bioportal-go_x1"
"http://swlab.ic.uff.br/resource/bioportal-apo-uni-mannheim","http://swlab.ic.uff.br/resource/bioportal-go_x1","http://swlab.ic.uff.br/resource/bioportal-nif_dysfunction","http://swlab.ic.uff.br/resource/bioportal-go_x2","http://swlab.ic.uff.br/resource/bioportal-nif_cell","http://swlab.ic.uff.br/resource/bioportal-ypo","http://swlab.ic.uff.br/resource/bioportal-sopharm","http://swlab.ic.uff.br/resource/bioportal-csp","http://swlab.ic.uff.br/resource/bioportal-snomedct"
"http://swlab.ic.uff.br/resource/bioportal-vivo-uni-mannheim","http://swlab.ic.uff.br/resource/bioportal-snomedct","http://swlab.ic.uff.br/resource/bioportal-lnc","http://swlab.ic.uff.br/resource/bioportal-flu","http://swlab.ic.uff.br/resource/bioportal-birnlex","http://swlab.ic.uff.br/resource/bioportal-csp","http://swlab.ic.uff.br/resource/bioportal-ontodm","http://swlab.ic.uff.br/resource/bioportal-ero","http://swlab.ic.uff.br/resource/bioportal-bro_x1","http://swlab.ic.uff.br/resource/bioportal-sio"
"http://swlab.ic.uff.br/resource/bioportal-tads-uni-mannheim","http://swlab.ic.uff.br/resource/bioportal-oboe-sbc","http://swlab.ic.uff.br/resource/bioportal-ehdaa2","http://swlab.ic.uff.br/resource/bioportal-tgma","http://swlab.ic.uff.br/resource/bioportal-xao","http://swlab.ic.uff.br/resource/bioportal-bila","http://swlab.ic.uff.br/resource/bioportal-fbbt","http://swlab.ic.uff.br/resource/bioportal-snomedct"
"http://swlab.ic.uff.br/resource/bioportal-bro_x1-uni-mannheim","http://swlab.ic.uff.br/resource/bioportal-lnc","http://swlab.ic.uff.br/resource/bioportal-csp","http://swlab.ic.uff.br/resource/bioportal-ero","http://swlab.ic.uff.br/resource/bioportal-sio","http://swlab.ic.uff.br/resource/bioportal-ontodm","http://swlab.ic.uff.br/resource/bioportal-snomedct","http://swlab.ic.uff.br/resource/bioportal-vivo","http://swlab.ic.uff.br/resource/bioportal-birnlex"
"http://swlab.ic.uff.br/resource/bioportal-adw-uni-mannheim","http://swlab.ic.uff.br/resource/bioportal-sopharm","http://swlab.ic.uff.br/resource/bioportal-oboe-sbc","http://swlab.ic.uff.br/resource/bioportal-pma","http://swlab.ic.uff.br/resource/bioportal-csp","http://swlab.ic.uff.br/resource/bioportal-nif_dysfunction","http://swlab.ic.uff.br/resource/bioportal-snomedct","http://swlab.ic.uff.br/resource/bioportal-lnc","http://swlab.ic.uff.br/resource/bioportal-ero","http://swlab.ic.uff.br/resource/bioportal-nif_cell","http://swlab.ic.uff.br/resource/bioportal-envo","http://swlab.ic.uff.br/resource/bioportal-npo"
"http://swlab.ic.uff.br/resource/bio2rdf-affymetrix-uni-mannheim","http://swlab.ic.uff.br/resource/bio2rdf-omim","http://swlab.ic.uff.br/resource/bio2rdf-affymetrix"
"http://swlab.ic.uff.br/resource/bioportal-hlth_indics-uni-mannheim","http://swlab.ic.uff.br/resource/bioportal-doid","http://swlab.ic.uff.br/resource/bioportal-nif_dysfunction","http://swlab.ic.uff.br/resource/bioportal-ndfrt","http://swlab.ic.uff.br/resource/bioportal-who","http://swlab.ic.uff.br/resource/bioportal-lnc","http://swlab.ic.uff.br/resource/bioportal-snomedct","http://swlab.ic.uff.br/resource/bioportal-pma","http://swlab.ic.uff.br/resource/bioportal-csp","http://swlab.ic.uff.br/resource/bioportal-sopharm"
"http://swlab.ic.uff.br/resource/bioportal-tm-signs-and-sympts-uni-mannheim","http://swlab.ic.uff.br/resource/bioportal-ndfrt","http://swlab.ic.uff.br/resource/bioportal-who","http://swlab.ic.uff.br/resource/bioportal-icd10","http://swlab.ic.uff.br/resource/bioportal-hp_x1","http://swlab.ic.uff.br/resource/bioportal-sso","http://swlab.ic.uff.br/resource/bioportal-sopharm","http://swlab.ic.uff.br/resource/bioportal-icpc","http://swlab.ic.uff.br/resource/bioportal-snomedct","http://swlab.ic.uff.br/resource/bioportal-csp","http://swlab.ic.uff.br/resource/bioportal-lnc"
"http://swlab.ic.uff.br/resource/bioportal-mo-uni-mannheim","http://swlab.ic.uff.br/resource/bioportal-snomedct","http://swlab.ic.uff.br/resource/bioportal-birnlex","http://swlab.ic.uff.br/resource/bioportal-sopharm","http://swlab.ic.uff.br/resource/bioportal-nif_cell","http://swlab.ic.uff.br/resource/bioportal-nif_dysfunction","http://swlab.ic.uff.br/resource/bioportal-csp","http://swlab.ic.uff.br/resource/bioportal-sio","http://swlab.ic.uff.br/resource/bioportal-oboe-sbc","http://swlab.ic.uff.br/resource/bioportal-ero","http://swlab.ic.uff.br/resource/bioportal-pma","http://swlab.ic.uff.br/resource/bioportal-teo","http://swlab.ic.uff.br/resource/bioportal-lnc","http://swlab.ic.uff.br/resource/bioportal-npo"
"http://swlab.ic.uff.br/resource/bioportal-envo-uni-mannheim","http://swlab.ic.uff.br/resource/bioportal-snomedct","http://swlab.ic.uff.br/resource/bioportal-rxnorm","http://swlab.ic.uff.br/resource/bioportal-ndfrt","http://swlab.ic.uff.br/resource/bioportal-adw","http://swlab.ic.uff.br/resource/bioportal-mfo","http://swlab.ic.uff.br/resource/bioportal-oboe-sbc","http://swlab.ic.uff.br/resource/bioportal-lnc","http://swlab.ic.uff.br/resource/bioportal-ev","http://swlab.ic.uff.br/resource/bioportal-csp"
"http://swlab.ic.uff.br/resource/bioportal-mcbcc-uni-mannheim","http://swlab.ic.uff.br/resource/bioportal-snomedct","http://swlab.ic.uff.br/resource/bioportal-ndfrt","http://swlab.ic.uff.br/resource/bioportal-lnc","http://swlab.ic.uff.br/resource/bioportal-ev","http://swlab.ic.uff.br/resource/bioportal-pr","http://swlab.ic.uff.br/resource/bioportal-sopharm","http://swlab.ic.uff.br/resource/bioportal-imr","http://swlab.ic.uff.br/resource/bioportal-csp"
"http://swlab.ic.uff.br/resource/bioportal-air-uni-mannheim","http://swlab.ic.uff.br/resource/bioportal-icpc","http://swlab.ic.uff.br/resource/bioportal-sopharm","http://swlab.ic.uff.br/resource/bioportal-hp_x1","http://swlab.ic.uff.br/resource/bioportal-sso","http://swlab.ic.uff.br/resource/bioportal-snomedct","http://swlab.ic.uff.br/resource/bioportal-ev","http://swlab.ic.uff.br/resource/bioportal-icd10","http://swlab.ic.uff.br/resource/bioportal-lnc","http://swlab.ic.uff.br/resource/bioportal-who","http://swlab.ic.uff.br/resource/bioportal-ndfrt","http://swlab.ic.uff.br/resource/bioportal-csp","http://swlab.ic.uff.br/resource/bioportal-doid"
"http://swlab.ic.uff.br/resource/bioportal-tgma-uni-mannheim","http://swlab.ic.uff.br/resource/bioportal-tads","http://swlab.ic.uff.br/resource/bioportal-snomedct","http://swlab.ic.uff.br/resource/bioportal-csp","http://swlab.ic.uff.br/resource/bioportal-ehdaa2","http://swlab.ic.uff.br/resource/bioportal-ev","http://swlab.ic.uff.br/resource/bioportal-lnc","http://swlab.ic.uff.br/resource/bioportal-fbbt","http://swlab.ic.uff.br/resource/bioportal-bila","http://swlab.ic.uff.br/resource/bioportal-oboe-sbc","http://swlab.ic.uff.br/resource/bioportal-xao"
"http://swlab.ic.uff.br/resource/bioportal-shr-uni-mannheim","http://swlab.ic.uff.br/resource/bioportal-ndfrt","http://swlab.ic.uff.br/resource/bioportal-nif_dysfunction","http://swlab.ic.uff.br/resource/bioportal-pedterm","http://swlab.ic.uff.br/resource/bioportal-ev","http://swlab.ic.uff.br/resource/bioportal-bho","http://swlab.ic.uff.br/resource/bioportal-lnc","http://swlab.ic.uff.br/resource/bioportal-csp","http://swlab.ic.uff.br/resource/bioportal-hp_x1","http://swlab.ic.uff.br/resource/bioportal-snomedct","http://swlab.ic.uff.br/resource/bioportal-sopharm","http://swlab.ic.uff.br/resource/bioportal-doid","http://swlab.ic.uff.br/resource/bioportal-who"
"http://swlab.ic.uff.br/resource/bioportal-sso-uni-mannheim","http://swlab.ic.uff.br/resource/bioportal-doid","http://swlab.ic.uff.br/resource/bioportal-hp_x1","http://swlab.ic.uff.br/resource/bioportal-ndfrt","http://swlab.ic.uff.br/resource/bioportal-pedterm","http://swlab.ic.uff.br/resource/bioportal-tm-signs-and-sympts","http://swlab.ic.uff.br/resource/bioportal-lnc","http://swlab.ic.uff.br/resource/bioportal-who","http://swlab.ic.uff.br/resource/bioportal-sopharm","http://swlab.ic.uff.br/resource/bioportal-csp","http://swlab.ic.uff.br/resource/bioportal-air","http://swlab.ic.uff.br/resource/bioportal-snomedct","http://swlab.ic.uff.br/resource/bioportal-icd10","http://swlab.ic.uff.br/resource/bioportal-hpio","http://swlab.ic.uff.br/resource/bioportal-icpc"
"http://swlab.ic.uff.br/resource/bioportal-icpc-uni-mannheim","http://swlab.ic.uff.br/resource/bioportal-ev","http://swlab.ic.uff.br/resource/bioportal-sso","http://swlab.ic.uff.br/resource/bioportal-who","http://swlab.ic.uff.br/resource/bioportal-tm-signs-and-sympts","http://swlab.ic.uff.br/resource/bioportal-ndfrt","http://swlab.ic.uff.br/resource/bioportal-lnc","http://swlab.ic.uff.br/resource/bioportal-doid","http://swlab.ic.uff.br/resource/bioportal-sopharm","http://swlab.ic.uff.br/resource/bioportal-air","http://swlab.ic.uff.br/resource/bioportal-csp","http://swlab.ic.uff.br/resource/bioportal-hp_x1","http://swlab.ic.uff.br/resource/bioportal-snomedct","http://swlab.ic.uff.br/resource/bioportal-pma","http://swlab.ic.uff.br/resource/bioportal-pedterm","http://swlab.ic.uff.br/resource/bioportal-icd10"
"http://swlab.ic.uff.br/resource/bioportal-bila-uni-mannheim","http://swlab.ic.uff.br/resource/bioportal-snomedct","http://swlab.ic.uff.br/resource/bioportal-xao","http://swlab.ic.uff.br/resource/bioportal-csp","http://swlab.ic.uff.br/resource/bioportal-fbbt","http://swlab.ic.uff.br/resource/bioportal-lnc","http://swlab.ic.uff.br/resource/bioportal-ev","http://swlab.ic.uff.br/resource/bioportal-tgma","http://swlab.ic.uff.br/resource/bioportal-tads","http://swlab.ic.uff.br/resource/bioportal-oboe-sbc","http://swlab.ic.uff.br/resource/bioportal-ehdaa2","http://swlab.ic.uff.br/resource/bioportal-mfo"
"http://swlab.ic.uff.br/resource/bioportal-imr-uni-mannheim","http://swlab.ic.uff.br/resource/bioportal-mcbcc","http://swlab.ic.uff.br/resource/bioportal-rxnorm","http://swlab.ic.uff.br/resource/bioportal-sopharm","http://swlab.ic.uff.br/resource/bioportal-ndfrt","http://swlab.ic.uff.br/resource/bioportal-mi","http://swlab.ic.uff.br/resource/bioportal-npo","http://swlab.ic.uff.br/resource/bioportal-snomedct","http://swlab.ic.uff.br/resource/bioportal-go_x1","http://swlab.ic.uff.br/resource/bioportal-lnc","http://swlab.ic.uff.br/resource/bioportal-pr","http://swlab.ic.uff.br/resource/bioportal-go_x2","http://swlab.ic.uff.br/resource/bioportal-csp"
"http://swlab.ic.uff.br/resource/bioportal-mfo-uni-mannheim","http://swlab.ic.uff.br/resource/bioportal-xao","http://swlab.ic.uff.br/resource/bioportal-envo","http://swlab.ic.uff.br/resource/bioportal-bila","http://swlab.ic.uff.br/resource/bioportal-ev","http://swlab.ic.uff.br/resource/bioportal-nif_cell","http://swlab.ic.uff.br/resource/bioportal-nif_dysfunction","http://swlab.ic.uff.br/resource/bioportal-sopharm","http://swlab.ic.uff.br/resource/bioportal-snomedct","http://swlab.ic.uff.br/resource/bioportal-csp","http://swlab.ic.uff.br/resource/bioportal-ehdaa2","http://swlab.ic.uff.br/resource/bioportal-icd10","http://swlab.ic.uff.br/resource/bioportal-lnc","http://swlab.ic.uff.br/resource/bioportal-pma","http://swlab.ic.uff.br/resource/bioportal-fbbt","http://swlab.ic.uff.br/resource/bioportal-birnlex"
"http://swlab.ic.uff.br/resource/bioportal-ehdaa2-uni-mannheim","http://swlab.ic.uff.br/resource/bioportal-ev","http://swlab.ic.uff.br/resource/bioportal-tads","http://swlab.ic.uff.br/resource/bioportal-fbbt","http://swlab.ic.uff.br/resource/bioportal-lnc","http://swlab.ic.uff.br/resource/bioportal-bho","http://swlab.ic.uff.br/resource/bioportal-mfo","http://swlab.ic.uff.br/resource/bioportal-xao","http://swlab.ic.uff.br/resource/bioportal-icd10","http://swlab.ic.uff.br/resource/bioportal-pma","http://swlab.ic.uff.br/resource/bioportal-snomedct","http://swlab.ic.uff.br/resource/bioportal-csp","http://swlab.ic.uff.br/resource/bioportal-bila","http://swlab.ic.uff.br/resource/bioportal-oboe-sbc","http://swlab.ic.uff.br/resource/bioportal-tgma","http://swlab.ic.uff.br/resource/bioportal-birnlex"
"http://swlab.ic.uff.br/resource/bioportal-nmr-uni-mannheim","http://swlab.ic.uff.br/resource/bioportal-teo","http://swlab.ic.uff.br/resource/bioportal-npo","http://swlab.ic.uff.br/resource/bioportal-oae","http://swlab.ic.uff.br/resource/bioportal-cogpo","http://swlab.ic.uff.br/resource/bioportal-ino","http://swlab.ic.uff.br/resource/bioportal-ontodm","http://swlab.ic.uff.br/resource/bioportal-sio","http://swlab.ic.uff.br/resource/bioportal-snomedct","http://swlab.ic.uff.br/resource/bioportal-birnlex","http://swlab.ic.uff.br/resource/bioportal-odgi","http://swlab.ic.uff.br/resource/bioportal-flu","http://swlab.ic.uff.br/resource/bioportal-ero","http://swlab.ic.uff.br/resource/bioportal-lnc","http://swlab.ic.uff.br/resource/bioportal-sopharm","http://swlab.ic.uff.br/resource/bioportal-nif_dysfunction","http://swlab.ic.uff.br/resource/bioportal-nif_cell","http://swlab.ic.uff.br/resource/bioportal-hpio"
"http://swlab.ic.uff.br/resource/bioportal-who-uni-mannheim","http://swlab.ic.uff.br/resource/bioportal-hp_x1","http://swlab.ic.uff.br/resource/bioportal-sso","http://swlab.ic.uff.br/resource/bioportal-lnc","http://swlab.ic.uff.br/resource/bioportal-hlth_indics","http://swlab.ic.uff.br/resource/bioportal-tm-signs-and-sympts","http://swlab.ic.uff.br/resource/bioportal-birnlex","http://swlab.ic.uff.br/resource/bioportal-ev","http://swlab.ic.uff.br/resource/bioportal-ndfrt","http://swlab.ic.uff.br/resource/bioportal-nif_dysfunction","http://swlab.ic.uff.br/resource/bioportal-icpc","http://swlab.ic.uff.br/resource/bioportal-pedterm","http://swlab.ic.uff.br/resource/bioportal-sio","http://swlab.ic.uff.br/resource/bioportal-air","http://swlab.ic.uff.br/resource/bioportal-bho","http://swlab.ic.uff.br/resource/bioportal-snomedct","http://swlab.ic.uff.br/resource/bioportal-pma","http://swlab.ic.uff.br/resource/bioportal-csp","http://swlab.ic.uff.br/resource/bioportal-sopharm","http://swlab.ic.uff.br/resource/bioportal-shr","http://swlab.ic.uff.br/resource/bioportal-doid","http://swlab.ic.uff.br/resource/bioportal-icd10"
"http://swlab.ic.uff.br/resource/bioportal-phare-uni-mannheim","http://swlab.ic.uff.br/resource/bioportal-birnlex","http://swlab.ic.uff.br/resource/bioportal-csp","http://swlab.ic.uff.br/resource/bioportal-sopharm","http://swlab.ic.uff.br/resource/bioportal-ino","http://swlab.ic.uff.br/resource/bioportal-snomedct","http://swlab.ic.uff.br/resource/bioportal-ndfrt","http://swlab.ic.uff.br/resource/bioportal-sio","http://swlab.ic.uff.br/resource/bioportal-lnc","http://swlab.ic.uff.br/resource/bioportal-nif_dysfunction","http://swlab.ic.uff.br/resource/bioportal-go_x2","http://swlab.ic.uff.br/resource/bioportal-nif_cell","http://swlab.ic.uff.br/resource/bioportal-pma","http://swlab.ic.uff.br/resource/bioportal-rxnorm","http://swlab.ic.uff.br/resource/bioportal-mi","http://swlab.ic.uff.br/resource/bioportal-go_x1","http://swlab.ic.uff.br/resource/bioportal-npo"
"http://swlab.ic.uff.br/resource/bioportal-rxnorm-uni-mannheim","http://swlab.ic.uff.br/resource/bioportal-oboe-sbc","http://swlab.ic.uff.br/resource/bioportal-imr","http://swlab.ic.uff.br/resource/bioportal-npo","http://swlab.ic.uff.br/resource/bioportal-csp","http://swlab.ic.uff.br/resource/bioportal-icd10","http://swlab.ic.uff.br/resource/bioportal-snomedct","http://swlab.ic.uff.br/resource/bioportal-ndfrt","http://swlab.ic.uff.br/resource/bioportal-sopharm","http://swlab.ic.uff.br/resource/bioportal-lnc","http://swlab.ic.uff.br/resource/bioportal-pr","http://swlab.ic.uff.br/resource/bioportal-phare","http://swlab.ic.uff.br/resource/bioportal-envo","http://swlab.ic.uff.br/resource/bioportal-bho","http://swlab.ic.uff.br/resource/bioportal-pma"
"http://swlab.ic.uff.br/resource/bioportal-pr-uni-mannheim","http://swlab.ic.uff.br/resource/bioportal-ndfrt","http://swlab.ic.uff.br/resource/bioportal-mi","http://swlab.ic.uff.br/resource/bioportal-sopharm","http://swlab.ic.uff.br/resource/bioportal-flu","http://swlab.ic.uff.br/resource/bioportal-mcbcc","http://swlab.ic.uff.br/resource/bioportal-birnlex","http://swlab.ic.uff.br/resource/bioportal-go_x1","http://swlab.ic.uff.br/resource/bioportal-csp","http://swlab.ic.uff.br/resource/bioportal-nif_dysfunction","http://swlab.ic.uff.br/resource/bioportal-ev","http://swlab.ic.uff.br/resource/bioportal-lnc","http://swlab.ic.uff.br/resource/bioportal-snomedct","http://swlab.ic.uff.br/resource/bioportal-sio","http://swlab.ic.uff.br/resource/bioportal-imr","http://swlab.ic.uff.br/resource/bioportal-rxnorm","http://swlab.ic.uff.br/resource/bioportal-nif_cell","http://swlab.ic.uff.br/resource/bioportal-go_x2"
"http://swlab.ic.uff.br/resource/bioportal-hp_x1-uni-mannheim","http://swlab.ic.uff.br/resource/bioportal-ev","http://swlab.ic.uff.br/resource/bioportal-sopharm","http://swlab.ic.uff.br/resource/bioportal-shr","http://swlab.ic.uff.br/resource/bioportal-bho","http://swlab.ic.uff.br/resource/bioportal-icd10","http://swlab.ic.uff.br/resource/bioportal-who","http://swlab.ic.uff.br/resource/bioportal-air","http://swlab.ic.uff.br/resource/bioportal-birnlex","http://swlab.ic.uff.br/resource/bioportal-csp","http://swlab.ic.uff.br/resource/bioportal-ndfrt","http://swlab.ic.uff.br/resource/bioportal-pedterm","http://swlab.ic.uff.br/resource/bioportal-sso","http://swlab.ic.uff.br/resource/bioportal-snomedct","http://swlab.ic.uff.br/resource/bioportal-icpc","http://swlab.ic.uff.br/resource/bioportal-pma","http://swlab.ic.uff.br/resource/bioportal-nif_cell","http://swlab.ic.uff.br/resource/bioportal-tm-signs-and-sympts","http://swlab.ic.uff.br/resource/bioportal-doid","http://swlab.ic.uff.br/resource/bioportal-lnc","http://swlab.ic.uff.br/resource/bioportal-nif_dysfunction"
"http://swlab.ic.uff.br/resource/bioportal-doid-uni-mannheim","http://swlab.ic.uff.br/resource/bioportal-ndfrt","http://swlab.ic.uff.br/resource/bioportal-hlth_indics","http://swlab.ic.uff.br/resource/bioportal-birnlex","http://swlab.ic.uff.br/resource/bioportal-icd10","http://swlab.ic.uff.br/resource/bioportal-csp","http://swlab.ic.uff.br/resource/bioportal-snomedct","http://swlab.ic.uff.br/resource/bioportal-atmo","http://swlab.ic.uff.br/resource/bioportal-icpc","http://swlab.ic.uff.br/resource/bioportal-nif_dysfunction","http://swlab.ic.uff.br/resource/bioportal-sopharm","http://swlab.ic.uff.br/resource/bioportal-bho","http://swlab.ic.uff.br/resource/bioportal-pma","http://swlab.ic.uff.br/resource/bioportal-lnc","http://swlab.ic.uff.br/resource/bioportal-ev","http://swlab.ic.uff.br/resource/bioportal-air","http://swlab.ic.uff.br/resource/bioportal-pedterm","http://swlab.ic.uff.br/resource/bioportal-sso","http://swlab.ic.uff.br/resource/bioportal-hp_x1","http://swlab.ic.uff.br/resource/bioportal-shr","http://swlab.ic.uff.br/resource/bioportal-who"
"http://swlab.ic.uff.br/resource/bioportal-fbbt-uni-mannheim","http://swlab.ic.uff.br/resource/bioportal-tads","http://swlab.ic.uff.br/resource/bioportal-ev","http://swlab.ic.uff.br/resource/bioportal-lnc","http://swlab.ic.uff.br/resource/bioportal-bila","http://swlab.ic.uff.br/resource/bioportal-snomedct","http://swlab.ic.uff.br/resource/bioportal-oboe-sbc","http://swlab.ic.uff.br/resource/bioportal-birnlex","http://swlab.ic.uff.br/resource/bioportal-ehdaa2","http://swlab.ic.uff.br/resource/bioportal-xao","http://swlab.ic.uff.br/resource/bioportal-go_x2","http://swlab.ic.uff.br/resource/bioportal-go_x1","http://swlab.ic.uff.br/resource/bioportal-tgma","http://swlab.ic.uff.br/resource/bioportal-bho","http://swlab.ic.uff.br/resource/bioportal-csp","http://swlab.ic.uff.br/resource/bioportal-mfo","http://swlab.ic.uff.br/resource/bioportal-nif_cell","http://swlab.ic.uff.br/resource/bioportal-icd10"
"http://swlab.ic.uff.br/resource/bioportal-mi-uni-mannheim","http://swlab.ic.uff.br/resource/bioportal-npo","http://swlab.ic.uff.br/resource/bioportal-go_x2","http://swlab.ic.uff.br/resource/bioportal-ino","http://swlab.ic.uff.br/resource/bioportal-ndfrt","http://swlab.ic.uff.br/resource/bioportal-sopharm","http://swlab.ic.uff.br/resource/bioportal-sio","http://swlab.ic.uff.br/resource/bioportal-nif_dysfunction","http://swlab.ic.uff.br/resource/bioportal-nif_cell","http://swlab.ic.uff.br/resource/bioportal-imr","http://swlab.ic.uff.br/resource/bioportal-flu","http://swlab.ic.uff.br/resource/bioportal-phare","http://swlab.ic.uff.br/resource/bioportal-teo","http://swlab.ic.uff.br/resource/bioportal-ero","http://swlab.ic.uff.br/resource/bioportal-snomedct","http://swlab.ic.uff.br/resource/bioportal-odgi","http://swlab.ic.uff.br/resource/bioportal-lnc","http://swlab.ic.uff.br/resource/bioportal-rex","http://swlab.ic.uff.br/resource/bioportal-birnlex","http://swlab.ic.uff.br/resource/bioportal-csp","http://swlab.ic.uff.br/resource/bioportal-go_x1","http://swlab.ic.uff.br/resource/bioportal-pr"
"http://swlab.ic.uff.br/resource/bioportal-xao-uni-mannheim","http://swlab.ic.uff.br/resource/bioportal-bho","http://swlab.ic.uff.br/resource/bioportal-tgma","http://swlab.ic.uff.br/resource/bioportal-oboe-sbc","http://swlab.ic.uff.br/resource/bioportal-icd10","http://swlab.ic.uff.br/resource/bioportal-fbbt","http://swlab.ic.uff.br/resource/bioportal-lnc","http://swlab.ic.uff.br/resource/bioportal-tads","http://swlab.ic.uff.br/resource/bioportal-csp","http://swlab.ic.uff.br/resource/bioportal-pma","http://swlab.ic.uff.br/resource/bioportal-birnlex","http://swlab.ic.uff.br/resource/bioportal-bila","http://swlab.ic.uff.br/resource/bioportal-sopharm","http://swlab.ic.uff.br/resource/bioportal-ev","http://swlab.ic.uff.br/resource/bioportal-snomedct","http://swlab.ic.uff.br/resource/bioportal-mfo","http://swlab.ic.uff.br/resource/bioportal-nif_cell","http://swlab.ic.uff.br/resource/bioportal-ehdaa2"
"http://swlab.ic.uff.br/resource/bioportal-oae-uni-mannheim","http://swlab.ic.uff.br/resource/bioportal-ino","http://swlab.ic.uff.br/resource/bioportal-cogpo","http://swlab.ic.uff.br/resource/bioportal-birnlex","http://swlab.ic.uff.br/resource/bioportal-nif_cell","http://swlab.ic.uff.br/resource/bioportal-npo","http://swlab.ic.uff.br/resource/bioportal-sopharm","http://swlab.ic.uff.br/resource/bioportal-lnc","http://swlab.ic.uff.br/resource/bioportal-sio","http://swlab.ic.uff.br/resource/bioportal-snomedct","http://swlab.ic.uff.br/resource/bioportal-csp","http://swlab.ic.uff.br/resource/bioportal-nif_dysfunction","http://swlab.ic.uff.br/resource/bioportal-teo","http://swlab.ic.uff.br/resource/bioportal-odgi","http://swlab.ic.uff.br/resource/bioportal-ontodm","http://swlab.ic.uff.br/resource/bioportal-ero","http://swlab.ic.uff.br/resource/bioportal-nmr","http://swlab.ic.uff.br/resource/bioportal-flu","http://swlab.ic.uff.br/resource/bioportal-hpio"
"http://swlab.ic.uff.br/resource/bioportal-bho-uni-mannheim","http://swlab.ic.uff.br/resource/bioportal-csp","http://swlab.ic.uff.br/resource/bioportal-nif_cell","http://swlab.ic.uff.br/resource/bioportal-fbbt","http://swlab.ic.uff.br/resource/bioportal-pma","http://swlab.ic.uff.br/resource/bioportal-pedterm","http://swlab.ic.uff.br/resource/bioportal-who","http://swlab.ic.uff.br/resource/bioportal-snomedct","http://swlab.ic.uff.br/resource/bioportal-xao","http://swlab.ic.uff.br/resource/bioportal-lnc","http://swlab.ic.uff.br/resource/bioportal-hp_x1","http://swlab.ic.uff.br/resource/bioportal-birnlex","http://swlab.ic.uff.br/resource/bioportal-nif_dysfunction","http://swlab.ic.uff.br/resource/bioportal-doid","http://swlab.ic.uff.br/resource/bioportal-rxnorm","http://swlab.ic.uff.br/resource/bioportal-sopharm","http://swlab.ic.uff.br/resource/bioportal-ehdaa2","http://swlab.ic.uff.br/resource/bioportal-icd10","http://swlab.ic.uff.br/resource/bioportal-ndfrt","http://swlab.ic.uff.br/resource/bioportal-ev","http://swlab.ic.uff.br/resource/bioportal-shr"
"http://swlab.ic.uff.br/resource/bioportal-cogpo-uni-mannheim","http://swlab.ic.uff.br/resource/bioportal-ontodm","http://swlab.ic.uff.br/resource/bioportal-flu","http://swlab.ic.uff.br/resource/bioportal-sopharm","http://swlab.ic.uff.br/resource/bioportal-nif_cell","http://swlab.ic.uff.br/resource/bioportal-hpio","http://swlab.ic.uff.br/resource/bioportal-lnc","http://swlab.ic.uff.br/resource/bioportal-npo","http://swlab.ic.uff.br/resource/bioportal-csp","http://swlab.ic.uff.br/resource/bioportal-nif_dysfunction","http://swlab.ic.uff.br/resource/bioportal-oae","http://swlab.ic.uff.br/resource/bioportal-snomedct","http://swlab.ic.uff.br/resource/bioportal-teo","http://swlab.ic.uff.br/resource/bioportal-birnlex","http://swlab.ic.uff.br/resource/bioportal-nmr","http://swlab.ic.uff.br/resource/bioportal-ero","http://swlab.ic.uff.br/resource/bioportal-sio","http://swlab.ic.uff.br/resource/bioportal-ino","http://swlab.ic.uff.br/resource/bioportal-odgi"
"http://swlab.ic.uff.br/resource/bioportal-pedterm-uni-mannheim","http://swlab.ic.uff.br/resource/bioportal-nif_dysfunction","http://swlab.ic.uff.br/resource/bioportal-sso","http://swlab.ic.uff.br/resource/bioportal-flu","http://swlab.ic.uff.br/resource/bioportal-oboe-sbc","http://swlab.ic.uff.br/resource/bioportal-icd10","http://swlab.ic.uff.br/resource/bioportal-ev","http://swlab.ic.uff.br/resource/bioportal-birnlex","http://swlab.ic.uff.br/resource/bioportal-doid","http://swlab.ic.uff.br/resource/bioportal-sio","http://swlab.ic.uff.br/resource/bioportal-hpio","http://swlab.ic.uff.br/resource/bioportal-icpc","http://swlab.ic.uff.br/resource/bioportal-shr","http://swlab.ic.uff.br/resource/bioportal-ndfrt","http://swlab.ic.uff.br/resource/bioportal-sopharm","http://swlab.ic.uff.br/resource/bioportal-hp_x1","http://swlab.ic.uff.br/resource/bioportal-pma","http://swlab.ic.uff.br/resource/bioportal-who","http://swlab.ic.uff.br/resource/bioportal-lnc","http://swlab.ic.uff.br/resource/bioportal-bho","http://swlab.ic.uff.br/resource/bioportal-csp","http://swlab.ic.uff.br/resource/bioportal-snomedct","http://swlab.ic.uff.br/resource/bioportal-npo"
"http://swlab.ic.uff.br/resource/bioportal-ontodm-uni-mannheim","http://swlab.ic.uff.br/resource/bioportal-npo","http://swlab.ic.uff.br/resource/bioportal-odgi","http://swlab.ic.uff.br/resource/bioportal-lnc","http://swlab.ic.uff.br/resource/bioportal-ero","http://swlab.ic.uff.br/resource/bioportal-cogpo","http://swlab.ic.uff.br/resource/bioportal-oae","http://swlab.ic.uff.br/resource/bioportal-birnlex","http://swlab.ic.uff.br/resource/bioportal-hpio","http://swlab.ic.uff.br/resource/bioportal-vivo","http://swlab.ic.uff.br/resource/bioportal-ino","http://swlab.ic.uff.br/resource/bioportal-nmr","http://swlab.ic.uff.br/resource/bioportal-bro_x1","http://swlab.ic.uff.br/resource/bioportal-sopharm","http://swlab.ic.uff.br/resource/bioportal-sio","http://swlab.ic.uff.br/resource/bioportal-snomedct","http://swlab.ic.uff.br/resource/bioportal-nif_cell","http://swlab.ic.uff.br/resource/bioportal-nif_dysfunction","http://swlab.ic.uff.br/resource/bioportal-csp","http://swlab.ic.uff.br/resource/bioportal-teo","http://swlab.ic.uff.br/resource/bioportal-flu"
"http://swlab.ic.uff.br/resource/bioportal-oboe-sbc-uni-mannheim","http://swlab.ic.uff.br/resource/bioportal-odgi","http://swlab.ic.uff.br/resource/bioportal-envo","http://swlab.ic.uff.br/resource/bioportal-unitsontology","http://swlab.ic.uff.br/resource/bioportal-ehdaa2","http://swlab.ic.uff.br/resource/bioportal-teo","http://swlab.ic.uff.br/resource/bioportal-mo","http://swlab.ic.uff.br/resource/bioportal-xao","http://swlab.ic.uff.br/resource/bioportal-pedterm","http://swlab.ic.uff.br/resource/bioportal-ndfrt","http://swlab.ic.uff.br/resource/bioportal-snomedct","http://swlab.ic.uff.br/resource/bioportal-fbbt","http://swlab.ic.uff.br/resource/bioportal-nif_dysfunction","http://swlab.ic.uff.br/resource/bioportal-tads","http://swlab.ic.uff.br/resource/bioportal-lnc","http://swlab.ic.uff.br/resource/bioportal-sopharm","http://swlab.ic.uff.br/resource/bioportal-bila","http://swlab.ic.uff.br/resource/bioportal-ero","http://swlab.ic.uff.br/resource/bioportal-tgma","http://swlab.ic.uff.br/resource/bioportal-nif_cell","http://swlab.ic.uff.br/resource/bioportal-npo","http://swlab.ic.uff.br/resource/bioportal-adw","http://swlab.ic.uff.br/resource/bioportal-flu","http://swlab.ic.uff.br/resource/bioportal-rxnorm","http://swlab.ic.uff.br/resource/bioportal-sio","http://swlab.ic.uff.br/resource/bioportal-csp","http://swlab.ic.uff.br/resource/bioportal-birnlex","http://swlab.ic.uff.br/resource/bioportal-hpio"
"http://swlab.ic.uff.br/resource/bioportal-ino-uni-mannheim","http://swlab.ic.uff.br/resource/bioportal-ero","http://swlab.ic.uff.br/resource/bioportal-phare","http://swlab.ic.uff.br/resource/bioportal-ontodm","http://swlab.ic.uff.br/resource/bioportal-nmr","http://swlab.ic.uff.br/resource/bioportal-rex","http://swlab.ic.uff.br/resource/bioportal-birnlex","http://swlab.ic.uff.br/resource/bioportal-cogpo","http://swlab.ic.uff.br/resource/bioportal-csp","http://swlab.ic.uff.br/resource/bioportal-mi","http://swlab.ic.uff.br/resource/bioportal-nif_dysfunction","http://swlab.ic.uff.br/resource/bioportal-nif_cell","http://swlab.ic.uff.br/resource/bioportal-npo","http://swlab.ic.uff.br/resource/bioportal-teo","http://swlab.ic.uff.br/resource/bioportal-flu","http://swlab.ic.uff.br/resource/bioportal-go_x1","http://swlab.ic.uff.br/resource/bioportal-hpio","http://swlab.ic.uff.br/resource/bioportal-sio","http://swlab.ic.uff.br/resource/bioportal-sopharm","http://swlab.ic.uff.br/resource/bioportal-snomedct","http://swlab.ic.uff.br/resource/bioportal-odgi","http://swlab.ic.uff.br/resource/bioportal-go_x2","http://swlab.ic.uff.br/resource/bioportal-oae"
"http://swlab.ic.uff.br/resource/bioportal-icd10-uni-mannheim","http://swlab.ic.uff.br/resource/bioportal-rxnorm","http://swlab.ic.uff.br/resource/bioportal-tm-signs-and-sympts","http://swlab.ic.uff.br/resource/bioportal-who","http://swlab.ic.uff.br/resource/bioportal-mfo","http://swlab.ic.uff.br/resource/bioportal-ev","http://swlab.ic.uff.br/resource/bioportal-birnlex","http://swlab.ic.uff.br/resource/bioportal-ehdaa2","http://swlab.ic.uff.br/resource/bioportal-pedterm","http://swlab.ic.uff.br/resource/bioportal-icpc","http://swlab.ic.uff.br/resource/bioportal-snomedct","http://swlab.ic.uff.br/resource/bioportal-sso","http://swlab.ic.uff.br/resource/bioportal-hp_x1","http://swlab.ic.uff.br/resource/bioportal-sopharm","http://swlab.ic.uff.br/resource/bioportal-bho","http://swlab.ic.uff.br/resource/bioportal-air","http://swlab.ic.uff.br/resource/bioportal-doid","http://swlab.ic.uff.br/resource/bioportal-fbbt","http://swlab.ic.uff.br/resource/bioportal-xao","http://swlab.ic.uff.br/resource/bioportal-nif_dysfunction","http://swlab.ic.uff.br/resource/bioportal-lnc","http://swlab.ic.uff.br/resource/bioportal-ndfrt","http://swlab.ic.uff.br/resource/bioportal-csp","http://swlab.ic.uff.br/resource/bioportal-pma"
"http://swlab.ic.uff.br/resource/bioportal-teo-uni-mannheim","http://swlab.ic.uff.br/resource/bioportal-ero","http://swlab.ic.uff.br/resource/bioportal-ontodm","http://swlab.ic.uff.br/resource/bioportal-sopharm","http://swlab.ic.uff.br/resource/bioportal-npo","http://swlab.ic.uff.br/resource/bioportal-nif_dysfunction","http://swlab.ic.uff.br/resource/bioportal-mo","http://swlab.ic.uff.br/resource/bioportal-nif_cell","http://swlab.ic.uff.br/resource/bioportal-snomedct","http://swlab.ic.uff.br/resource/bioportal-oboe-sbc","http://swlab.ic.uff.br/resource/bioportal-odgi","http://swlab.ic.uff.br/resource/bioportal-cogpo","http://swlab.ic.uff.br/resource/bioportal-nmr","http://swlab.ic.uff.br/resource/bioportal-lnc","http://swlab.ic.uff.br/resource/bioportal-ino","http://swlab.ic.uff.br/resource/bioportal-sio","http://swlab.ic.uff.br/resource/bioportal-hpio","http://swlab.ic.uff.br/resource/bioportal-birnlex","http://swlab.ic.uff.br/resource/bioportal-flu","http://swlab.ic.uff.br/resource/bioportal-oae","http://swlab.ic.uff.br/resource/bioportal-mi","http://swlab.ic.uff.br/resource/bioportal-unitsontology"
"http://swlab.ic.uff.br/resource/bioportal-odgi-uni-mannheim","http://swlab.ic.uff.br/resource/bioportal-ero","http://swlab.ic.uff.br/resource/bioportal-nmr","http://swlab.ic.uff.br/resource/bioportal-ino","http://swlab.ic.uff.br/resource/bioportal-flu","http://swlab.ic.uff.br/resource/bioportal-oboe-sbc","http://swlab.ic.uff.br/resource/bioportal-nif_dysfunction","http://swlab.ic.uff.br/resource/bioportal-lnc","http://swlab.ic.uff.br/resource/bioportal-oae","http://swlab.ic.uff.br/resource/bioportal-npo","http://swlab.ic.uff.br/resource/bioportal-csp","http://swlab.ic.uff.br/resource/bioportal-ontodm","http://swlab.ic.uff.br/resource/bioportal-birnlex","http://swlab.ic.uff.br/resource/bioportal-hpio","http://swlab.ic.uff.br/resource/bioportal-mi","http://swlab.ic.uff.br/resource/bioportal-sio","http://swlab.ic.uff.br/resource/bioportal-nif_cell","http://swlab.ic.uff.br/resource/bioportal-snomedct","http://swlab.ic.uff.br/resource/bioportal-sopharm","http://swlab.ic.uff.br/resource/bioportal-teo","http://swlab.ic.uff.br/resource/bioportal-cogpo"
"http://swlab.ic.uff.br/resource/bioportal-go_x2-uni-mannheim","http://swlab.ic.uff.br/resource/bioportal-go_x1","http://swlab.ic.uff.br/resource/bioportal-ypo","http://swlab.ic.uff.br/resource/bioportal-fbbt","http://swlab.ic.uff.br/resource/bioportal-snomedct","http://swlab.ic.uff.br/resource/bioportal-imr","http://swlab.ic.uff.br/resource/bioportal-hpio","http://swlab.ic.uff.br/resource/bioportal-vt","http://swlab.ic.uff.br/resource/bioportal-nif_dysfunction","http://swlab.ic.uff.br/resource/bioportal-ino","http://swlab.ic.uff.br/resource/bioportal-npo","http://swlab.ic.uff.br/resource/bioportal-lnc","http://swlab.ic.uff.br/resource/bioportal-nif_cell","http://swlab.ic.uff.br/resource/bioportal-csp","http://swlab.ic.uff.br/resource/bioportal-ndfrt","http://swlab.ic.uff.br/resource/bioportal-rex","http://swlab.ic.uff.br/resource/bioportal-sio","http://swlab.ic.uff.br/resource/bioportal-pr","http://swlab.ic.uff.br/resource/bioportal-birnlex","http://swlab.ic.uff.br/resource/bioportal-sopharm","http://swlab.ic.uff.br/resource/bioportal-phare","http://swlab.ic.uff.br/resource/bioportal-apo","http://swlab.ic.uff.br/resource/bioportal-mi"
"http://swlab.ic.uff.br/resource/bioportal-pma-uni-mannheim","http://swlab.ic.uff.br/resource/bioportal-phare","http://swlab.ic.uff.br/resource/bioportal-pedterm","http://swlab.ic.uff.br/resource/bioportal-icd10","http://swlab.ic.uff.br/resource/bioportal-ehdaa2","http://swlab.ic.uff.br/resource/bioportal-hp_x1","http://swlab.ic.uff.br/resource/bioportal-hlth_indics","http://swlab.ic.uff.br/resource/bioportal-ero","http://swlab.ic.uff.br/resource/bioportal-csp","http://swlab.ic.uff.br/resource/bioportal-mfo","http://swlab.ic.uff.br/resource/bioportal-ndfrt","http://swlab.ic.uff.br/resource/bioportal-xao","http://swlab.ic.uff.br/resource/bioportal-sopharm","http://swlab.ic.uff.br/resource/bioportal-npo","http://swlab.ic.uff.br/resource/bioportal-atmo","http://swlab.ic.uff.br/resource/bioportal-snomedct","http://swlab.ic.uff.br/resource/bioportal-lnc","http://swlab.ic.uff.br/resource/bioportal-icpc","http://swlab.ic.uff.br/resource/bioportal-bho","http://swlab.ic.uff.br/resource/bioportal-ev","http://swlab.ic.uff.br/resource/bioportal-sio","http://swlab.ic.uff.br/resource/bioportal-rxnorm","http://swlab.ic.uff.br/resource/bioportal-adw","http://swlab.ic.uff.br/resource/bioportal-who","http://swlab.ic.uff.br/resource/bioportal-mo","http://swlab.ic.uff.br/resource/bioportal-nif_dysfunction","http://swlab.ic.uff.br/resource/bioportal-birnlex","http://swlab.ic.uff.br/resource/bioportal-doid"
"http://swlab.ic.uff.br/resource/bioportal-go_x1-uni-mannheim","http://swlab.ic.uff.br/resource/bioportal-snomedct","http://swlab.ic.uff.br/resource/bioportal-go_x2","http://swlab.ic.uff.br/resource/bioportal-phare","http://swlab.ic.uff.br/resource/bioportal-nif_cell","http://swlab.ic.uff.br/resource/bioportal-birnlex","http://swlab.ic.uff.br/resource/bioportal-apo","http://swlab.ic.uff.br/resource/bioportal-sio","http://swlab.ic.uff.br/resource/bioportal-vt","http://swlab.ic.uff.br/resource/bioportal-ndfrt","http://swlab.ic.uff.br/resource/bioportal-ypo","http://swlab.ic.uff.br/resource/bioportal-mi","http://swlab.ic.uff.br/resource/bioportal-pr","http://swlab.ic.uff.br/resource/bioportal-imr","http://swlab.ic.uff.br/resource/bioportal-fbbt","http://swlab.ic.uff.br/resource/bioportal-npo","http://swlab.ic.uff.br/resource/bioportal-nif_dysfunction","http://swlab.ic.uff.br/resource/bioportal-ino","http://swlab.ic.uff.br/resource/bioportal-rex","http://swlab.ic.uff.br/resource/bioportal-hpio","http://swlab.ic.uff.br/resource/bioportal-lnc","http://swlab.ic.uff.br/resource/bioportal-flu","http://swlab.ic.uff.br/resource/bioportal-sopharm","http://swlab.ic.uff.br/resource/bioportal-csp"
"http://swlab.ic.uff.br/resource/bioportal-hpio-uni-mannheim","http://swlab.ic.uff.br/resource/bioportal-sso","http://swlab.ic.uff.br/resource/bioportal-ero","http://swlab.ic.uff.br/resource/bioportal-go_x1","http://swlab.ic.uff.br/resource/bioportal-oae","http://swlab.ic.uff.br/resource/bioportal-sio","http://swlab.ic.uff.br/resource/bioportal-snomedct","http://swlab.ic.uff.br/resource/bioportal-ontodm","http://swlab.ic.uff.br/resource/bioportal-oboe-sbc","http://swlab.ic.uff.br/resource/bioportal-ev","http://swlab.ic.uff.br/resource/bioportal-nmr","http://swlab.ic.uff.br/resource/bioportal-odgi","http://swlab.ic.uff.br/resource/bioportal-ndfrt","http://swlab.ic.uff.br/resource/bioportal-go_x2","http://swlab.ic.uff.br/resource/bioportal-flu","http://swlab.ic.uff.br/resource/bioportal-birnlex","http://swlab.ic.uff.br/resource/bioportal-sopharm","http://swlab.ic.uff.br/resource/bioportal-ino","http://swlab.ic.uff.br/resource/bioportal-npo","http://swlab.ic.uff.br/resource/bioportal-nif_dysfunction","http://swlab.ic.uff.br/resource/bioportal-teo","http://swlab.ic.uff.br/resource/bioportal-nif_cell","http://swlab.ic.uff.br/resource/bioportal-csp","http://swlab.ic.uff.br/resource/bioportal-cogpo","http://swlab.ic.uff.br/resource/bioportal-lnc","http://swlab.ic.uff.br/resource/bioportal-pedterm"
"http://swlab.ic.uff.br/resource/bioportal-flu-uni-mannheim","http://swlab.ic.uff.br/resource/bioportal-nif_dysfunction","http://swlab.ic.uff.br/resource/bioportal-sio","http://swlab.ic.uff.br/resource/bioportal-csp","http://swlab.ic.uff.br/resource/bioportal-snomedct","http://swlab.ic.uff.br/resource/bioportal-oae","http://swlab.ic.uff.br/resource/bioportal-pr","http://swlab.ic.uff.br/resource/bioportal-pedterm","http://swlab.ic.uff.br/resource/bioportal-go_x1","http://swlab.ic.uff.br/resource/bioportal-nmr","http://swlab.ic.uff.br/resource/bioportal-ontodm","http://swlab.ic.uff.br/resource/bioportal-oboe-sbc","http://swlab.ic.uff.br/resource/bioportal-odgi","http://swlab.ic.uff.br/resource/bioportal-ino","http://swlab.ic.uff.br/resource/bioportal-cogpo","http://swlab.ic.uff.br/resource/bioportal-ndfrt","http://swlab.ic.uff.br/resource/bioportal-npo","http://swlab.ic.uff.br/resource/bioportal-sopharm","http://swlab.ic.uff.br/resource/bioportal-teo","http://swlab.ic.uff.br/resource/bioportal-lnc","http://swlab.ic.uff.br/resource/bioportal-nif_cell","http://swlab.ic.uff.br/resource/bioportal-birnlex","http://swlab.ic.uff.br/resource/bioportal-hpio","http://swlab.ic.uff.br/resource/bioportal-vivo","http://swlab.ic.uff.br/resource/bioportal-ev","http://swlab.ic.uff.br/resource/bioportal-mi","http://swlab.ic.uff.br/resource/bioportal-ero"
"http://swlab.ic.uff.br/resource/bioportal-ero-uni-mannheim","http://swlab.ic.uff.br/resource/bioportal-vivo","http://swlab.ic.uff.br/resource/bioportal-csp","http://swlab.ic.uff.br/resource/bioportal-ino","http://swlab.ic.uff.br/resource/bioportal-adw","http://swlab.ic.uff.br/resource/bioportal-hpio","http://swlab.ic.uff.br/resource/bioportal-lnc","http://swlab.ic.uff.br/resource/bioportal-birnlex","http://swlab.ic.uff.br/resource/bioportal-sio","http://swlab.ic.uff.br/resource/bioportal-nif_cell","http://swlab.ic.uff.br/resource/bioportal-pma","http://swlab.ic.uff.br/resource/bioportal-teo","http://swlab.ic.uff.br/resource/bioportal-sopharm","http://swlab.ic.uff.br/resource/bioportal-cogpo","http://swlab.ic.uff.br/resource/bioportal-ontodm","http://swlab.ic.uff.br/resource/bioportal-oae","http://swlab.ic.uff.br/resource/bioportal-propreo","http://swlab.ic.uff.br/resource/bioportal-mi","http://swlab.ic.uff.br/resource/bioportal-flu","http://swlab.ic.uff.br/resource/bioportal-nif_dysfunction","http://swlab.ic.uff.br/resource/bioportal-oboe-sbc","http://swlab.ic.uff.br/resource/bioportal-npo","http://swlab.ic.uff.br/resource/bioportal-nmr","http://swlab.ic.uff.br/resource/bioportal-snomedct","http://swlab.ic.uff.br/resource/bioportal-ndfrt","http://swlab.ic.uff.br/resource/bioportal-odgi","http://swlab.ic.uff.br/resource/bioportal-mo","http://swlab.ic.uff.br/resource/bioportal-bro_x1"
"http://swlab.ic.uff.br/resource/bioportal-ev-uni-mannheim","http://swlab.ic.uff.br/resource/bioportal-xao","http://swlab.ic.uff.br/resource/bioportal-icpc","http://swlab.ic.uff.br/resource/bioportal-ndfrt","http://swlab.ic.uff.br/resource/bioportal-shr","http://swlab.ic.uff.br/resource/bioportal-nif_cell","http://swlab.ic.uff.br/resource/bioportal-mfo","http://swlab.ic.uff.br/resource/bioportal-hp_x1","http://swlab.ic.uff.br/resource/bioportal-bho","http://swlab.ic.uff.br/resource/bioportal-flu","http://swlab.ic.uff.br/resource/bioportal-mcbcc","http://swlab.ic.uff.br/resource/bioportal-csp","http://swlab.ic.uff.br/resource/bioportal-snomedct","http://swlab.ic.uff.br/resource/bioportal-bila","http://swlab.ic.uff.br/resource/bioportal-sopharm","http://swlab.ic.uff.br/resource/bioportal-nif_dysfunction","http://swlab.ic.uff.br/resource/bioportal-ehdaa2","http://swlab.ic.uff.br/resource/bioportal-birnlex","http://swlab.ic.uff.br/resource/bioportal-pma","http://swlab.ic.uff.br/resource/bioportal-who","http://swlab.ic.uff.br/resource/bioportal-icd10","http://swlab.ic.uff.br/resource/bioportal-envo","http://swlab.ic.uff.br/resource/bioportal-doid","http://swlab.ic.uff.br/resource/bioportal-lnc","http://swlab.ic.uff.br/resource/bioportal-fbbt","http://swlab.ic.uff.br/resource/bioportal-hpio","http://swlab.ic.uff.br/resource/bioportal-pedterm","http://swlab.ic.uff.br/resource/bioportal-pr","http://swlab.ic.uff.br/resource/bioportal-tgma","http://swlab.ic.uff.br/resource/bioportal-air"
"http://swlab.ic.uff.br/resource/bioportal-npo-uni-mannheim","http://swlab.ic.uff.br/resource/bioportal-ndfrt","http://swlab.ic.uff.br/resource/bioportal-adw","http://swlab.ic.uff.br/resource/bioportal-birnlex","http://swlab.ic.uff.br/resource/bioportal-sio","http://swlab.ic.uff.br/resource/bioportal-csp","http://swlab.ic.uff.br/resource/bioportal-nif_dysfunction","http://swlab.ic.uff.br/resource/bioportal-ontodm","http://swlab.ic.uff.br/resource/bioportal-propreo","http://swlab.ic.uff.br/resource/bioportal-nif_cell","http://swlab.ic.uff.br/resource/bioportal-pma","http://swlab.ic.uff.br/resource/bioportal-sopharm","http://swlab.ic.uff.br/resource/bioportal-ino","http://swlab.ic.uff.br/resource/bioportal-lnc","http://swlab.ic.uff.br/resource/bioportal-ero","http://swlab.ic.uff.br/resource/bioportal-oboe-sbc","http://swlab.ic.uff.br/resource/bioportal-snomedct","http://swlab.ic.uff.br/resource/bioportal-go_x1","http://swlab.ic.uff.br/resource/bioportal-oae","http://swlab.ic.uff.br/resource/bioportal-unitsontology","http://swlab.ic.uff.br/resource/bioportal-teo","http://swlab.ic.uff.br/resource/bioportal-go_x2","http://swlab.ic.uff.br/resource/bioportal-mi","http://swlab.ic.uff.br/resource/bioportal-flu","http://swlab.ic.uff.br/resource/bioportal-phare","http://swlab.ic.uff.br/resource/bioportal-pedterm","http://swlab.ic.uff.br/resource/bioportal-mo","http://swlab.ic.uff.br/resource/bioportal-imr","http://swlab.ic.uff.br/resource/bioportal-rxnorm","http://swlab.ic.uff.br/resource/bioportal-nmr","http://swlab.ic.uff.br/resource/bioportal-odgi","http://swlab.ic.uff.br/resource/bioportal-cogpo","http://swlab.ic.uff.br/resource/bioportal-lipro","http://swlab.ic.uff.br/resource/bioportal-hpio"
"http://swlab.ic.uff.br/resource/bioportal-sio-uni-mannheim","http://swlab.ic.uff.br/resource/bioportal-nif_cell","http://swlab.ic.uff.br/resource/bioportal-ino","http://swlab.ic.uff.br/resource/bioportal-mi","http://swlab.ic.uff.br/resource/bioportal-pma","http://swlab.ic.uff.br/resource/bioportal-propreo","http://swlab.ic.uff.br/resource/bioportal-npo","http://swlab.ic.uff.br/resource/bioportal-ontodm","http://swlab.ic.uff.br/resource/bioportal-go_x2","http://swlab.ic.uff.br/resource/bioportal-nmr","http://swlab.ic.uff.br/resource/bioportal-go_x1","http://swlab.ic.uff.br/resource/bioportal-birnlex","http://swlab.ic.uff.br/resource/bioportal-sopharm","http://swlab.ic.uff.br/resource/bioportal-ndfrt","http://swlab.ic.uff.br/resource/bioportal-oae","http://swlab.ic.uff.br/resource/bioportal-pr","http://swlab.ic.uff.br/resource/bioportal-odgi","http://swlab.ic.uff.br/resource/bioportal-teo","http://swlab.ic.uff.br/resource/bioportal-cogpo","http://swlab.ic.uff.br/resource/bioportal-rex","http://swlab.ic.uff.br/resource/bioportal-snomedct","http://swlab.ic.uff.br/resource/bioportal-mo","http://swlab.ic.uff.br/resource/bioportal-csp","http://swlab.ic.uff.br/resource/bioportal-hpio","http://swlab.ic.uff.br/resource/bioportal-nif_dysfunction","http://swlab.ic.uff.br/resource/bioportal-pedterm","http://swlab.ic.uff.br/resource/bioportal-vivo","http://swlab.ic.uff.br/resource/bioportal-who","http://swlab.ic.uff.br/resource/bioportal-flu","http://swlab.ic.uff.br/resource/bioportal-phare","http://swlab.ic.uff.br/resource/bioportal-ero","http://swlab.ic.uff.br/resource/bioportal-bro_x1","http://swlab.ic.uff.br/resource/bioportal-lnc","http://swlab.ic.uff.br/resource/bioportal-oboe-sbc"
"http://swlab.ic.uff.br/resource/bioportal-ndfrt-uni-mannheim","http://swlab.ic.uff.br/resource/bioportal-pedterm","http://swlab.ic.uff.br/resource/bioportal-go_x2","http://swlab.ic.uff.br/resource/bioportal-flu","http://swlab.ic.uff.br/resource/bioportal-icd10","http://swlab.ic.uff.br/resource/bioportal-lnc","http://swlab.ic.uff.br/resource/bioportal-snomedct","http://swlab.ic.uff.br/resource/bioportal-npo","http://swlab.ic.uff.br/resource/bioportal-phare","http://swlab.ic.uff.br/resource/bioportal-sopharm","http://swlab.ic.uff.br/resource/bioportal-nif_dysfunction","http://swlab.ic.uff.br/resource/bioportal-hp_x1","http://swlab.ic.uff.br/resource/bioportal-mcbcc","http://swlab.ic.uff.br/resource/bioportal-shr","http://swlab.ic.uff.br/resource/bioportal-ev","http://swlab.ic.uff.br/resource/bioportal-doid","http://swlab.ic.uff.br/resource/bioportal-hlth_indics","http://swlab.ic.uff.br/resource/bioportal-icpc","http://swlab.ic.uff.br/resource/bioportal-go_x1","http://swlab.ic.uff.br/resource/bioportal-birnlex","http://swlab.ic.uff.br/resource/bioportal-rxnorm","http://swlab.ic.uff.br/resource/bioportal-pr","http://swlab.ic.uff.br/resource/bioportal-sio","http://swlab.ic.uff.br/resource/bioportal-lipro","http://swlab.ic.uff.br/resource/bioportal-tm-signs-and-sympts","http://swlab.ic.uff.br/resource/bioportal-csp","http://swlab.ic.uff.br/resource/bioportal-imr","http://swlab.ic.uff.br/resource/bioportal-nif_cell","http://swlab.ic.uff.br/resource/bioportal-sso","http://swlab.ic.uff.br/resource/bioportal-mi","http://swlab.ic.uff.br/resource/bioportal-oboe-sbc","http://swlab.ic.uff.br/resource/bioportal-hpio","http://swlab.ic.uff.br/resource/bioportal-ero","http://swlab.ic.uff.br/resource/bioportal-envo","http://swlab.ic.uff.br/resource/bioportal-who","http://swlab.ic.uff.br/resource/bioportal-bho","http://swlab.ic.uff.br/resource/bioportal-pma","http://swlab.ic.uff.br/resource/bioportal-air"
"http://swlab.ic.uff.br/resource/bioportal-nif_cell-uni-mannheim","http://swlab.ic.uff.br/resource/bioportal-snomedct","http://swlab.ic.uff.br/resource/bioportal-csp","http://swlab.ic.uff.br/resource/bioportal-hp_x1","http://swlab.ic.uff.br/resource/bioportal-flu","http://swlab.ic.uff.br/resource/bioportal-adw","http://swlab.ic.uff.br/resource/bioportal-birnlex","http://swlab.ic.uff.br/resource/bioportal-lnc","http://swlab.ic.uff.br/resource/bioportal-pr","http://swlab.ic.uff.br/resource/bioportal-ontodm","http://swlab.ic.uff.br/resource/bioportal-apo","http://swlab.ic.uff.br/resource/bioportal-npo","http://swlab.ic.uff.br/resource/bioportal-bho","http://swlab.ic.uff.br/resource/bioportal-fbbt","http://swlab.ic.uff.br/resource/bioportal-sio","http://swlab.ic.uff.br/resource/bioportal-phare","http://swlab.ic.uff.br/resource/bioportal-oae","http://swlab.ic.uff.br/resource/bioportal-propreo","http://swlab.ic.uff.br/resource/bioportal-sopharm","http://swlab.ic.uff.br/resource/bioportal-nmr","http://swlab.ic.uff.br/resource/bioportal-ero","http://swlab.ic.uff.br/resource/bioportal-mfo","http://swlab.ic.uff.br/resource/bioportal-cogpo","http://swlab.ic.uff.br/resource/bioportal-go_x1","http://swlab.ic.uff.br/resource/bioportal-xao","http://swlab.ic.uff.br/resource/bioportal-go_x2","http://swlab.ic.uff.br/resource/bioportal-teo","http://swlab.ic.uff.br/resource/bioportal-mo","http://swlab.ic.uff.br/resource/bioportal-mi","http://swlab.ic.uff.br/resource/bioportal-oboe-sbc","http://swlab.ic.uff.br/resource/bioportal-ino","http://swlab.ic.uff.br/resource/bioportal-exo","http://swlab.ic.uff.br/resource/bioportal-odgi","http://swlab.ic.uff.br/resource/bioportal-nif_dysfunction","http://swlab.ic.uff.br/resource/bioportal-ev","http://swlab.ic.uff.br/resource/bioportal-ndfrt","http://swlab.ic.uff.br/resource/bioportal-ypo","http://swlab.ic.uff.br/resource/bioportal-hpio"
"http://swlab.ic.uff.br/resource/bioportal-nif_dysfunction-uni-mannheim","http://swlab.ic.uff.br/resource/bioportal-ndfrt","http://swlab.ic.uff.br/resource/bioportal-ino","http://swlab.ic.uff.br/resource/bioportal-icd10","http://swlab.ic.uff.br/resource/bioportal-oae","http://swlab.ic.uff.br/resource/bioportal-phare","http://swlab.ic.uff.br/resource/bioportal-bho","http://swlab.ic.uff.br/resource/bioportal-go_x1","http://swlab.ic.uff.br/resource/bioportal-apo","http://swlab.ic.uff.br/resource/bioportal-go_x2","http://swlab.ic.uff.br/resource/bioportal-cogpo","http://swlab.ic.uff.br/resource/bioportal-snomedct","http://swlab.ic.uff.br/resource/bioportal-ypo","http://swlab.ic.uff.br/resource/bioportal-oboe-sbc","http://swlab.ic.uff.br/resource/bioportal-sopharm","http://swlab.ic.uff.br/resource/bioportal-propreo","http://swlab.ic.uff.br/resource/bioportal-flu","http://swlab.ic.uff.br/resource/bioportal-mi","http://swlab.ic.uff.br/resource/bioportal-birnlex","http://swlab.ic.uff.br/resource/bioportal-teo","http://swlab.ic.uff.br/resource/bioportal-who","http://swlab.ic.uff.br/resource/bioportal-odgi","http://swlab.ic.uff.br/resource/bioportal-pedterm","http://swlab.ic.uff.br/resource/bioportal-exo","http://swlab.ic.uff.br/resource/bioportal-ev","http://swlab.ic.uff.br/resource/bioportal-pma","http://swlab.ic.uff.br/resource/bioportal-adw","http://swlab.ic.uff.br/resource/bioportal-npo","http://swlab.ic.uff.br/resource/bioportal-nif_cell","http://swlab.ic.uff.br/resource/bioportal-pr","http://swlab.ic.uff.br/resource/bioportal-sio","http://swlab.ic.uff.br/resource/bioportal-csp","http://swlab.ic.uff.br/resource/bioportal-hp_x1","http://swlab.ic.uff.br/resource/bioportal-mfo","http://swlab.ic.uff.br/resource/bioportal-doid","http://swlab.ic.uff.br/resource/bioportal-hlth_indics","http://swlab.ic.uff.br/resource/bioportal-hpio","http://swlab.ic.uff.br/resource/bioportal-nmr","http://swlab.ic.uff.br/resource/bioportal-mo","http://swlab.ic.uff.br/resource/bioportal-ontodm","http://swlab.ic.uff.br/resource/bioportal-ero","http://swlab.ic.uff.br/resource/bioportal-shr","http://swlab.ic.uff.br/resource/bioportal-lnc"
"http://swlab.ic.uff.br/resource/bioportal-birnlex-uni-mannheim","http://swlab.ic.uff.br/resource/bioportal-teo","http://swlab.ic.uff.br/resource/bioportal-bro_x1","http://swlab.ic.uff.br/resource/bioportal-who","http://swlab.ic.uff.br/resource/bioportal-mo","http://swlab.ic.uff.br/resource/bioportal-npo","http://swlab.ic.uff.br/resource/bioportal-ino","http://swlab.ic.uff.br/resource/bioportal-vivo","http://swlab.ic.uff.br/resource/bioportal-nif_cell","http://swlab.ic.uff.br/resource/bioportal-icd10","http://swlab.ic.uff.br/resource/bioportal-pr","http://swlab.ic.uff.br/resource/bioportal-pma","http://swlab.ic.uff.br/resource/bioportal-csp","http://swlab.ic.uff.br/resource/bioportal-nif_dysfunction","http://swlab.ic.uff.br/resource/bioportal-cogpo","http://swlab.ic.uff.br/resource/bioportal-ndfrt","http://swlab.ic.uff.br/resource/bioportal-go_x2","http://swlab.ic.uff.br/resource/bioportal-hp_x1","http://swlab.ic.uff.br/resource/bioportal-flu","http://swlab.ic.uff.br/resource/bioportal-snomedct","http://swlab.ic.uff.br/resource/bioportal-pedterm","http://swlab.ic.uff.br/resource/bioportal-phare","http://swlab.ic.uff.br/resource/bioportal-mfo","http://swlab.ic.uff.br/resource/bioportal-hpio","http://swlab.ic.uff.br/resource/bioportal-bho","http://swlab.ic.uff.br/resource/bioportal-ehdaa2","http://swlab.ic.uff.br/resource/bioportal-sio","http://swlab.ic.uff.br/resource/bioportal-exo","http://swlab.ic.uff.br/resource/bioportal-nmr","http://swlab.ic.uff.br/resource/bioportal-oboe-sbc","http://swlab.ic.uff.br/resource/bioportal-lnc","http://swlab.ic.uff.br/resource/bioportal-go_x1","http://swlab.ic.uff.br/resource/bioportal-doid","http://swlab.ic.uff.br/resource/bioportal-ontodm","http://swlab.ic.uff.br/resource/bioportal-sopharm","http://swlab.ic.uff.br/resource/bioportal-ev","http://swlab.ic.uff.br/resource/bioportal-fbbt","http://swlab.ic.uff.br/resource/bioportal-oae","http://swlab.ic.uff.br/resource/bioportal-mi","http://swlab.ic.uff.br/resource/bioportal-ero","http://swlab.ic.uff.br/resource/bioportal-xao","http://swlab.ic.uff.br/resource/bioportal-odgi"
"http://swlab.ic.uff.br/resource/bioportal-sopharm-uni-mannheim","http://swlab.ic.uff.br/resource/bioportal-oboe-sbc","http://swlab.ic.uff.br/resource/bioportal-pma","http://swlab.ic.uff.br/resource/bioportal-ontodm","http://swlab.ic.uff.br/resource/bioportal-ev","http://swlab.ic.uff.br/resource/bioportal-go_x1","http://swlab.ic.uff.br/resource/bioportal-ero","http://swlab.ic.uff.br/resource/bioportal-shr","http://swlab.ic.uff.br/resource/bioportal-pr","http://swlab.ic.uff.br/resource/bioportal-odgi","http://swlab.ic.uff.br/resource/bioportal-icd10","http://swlab.ic.uff.br/resource/bioportal-mi","http://swlab.ic.uff.br/resource/bioportal-go_x2","http://swlab.ic.uff.br/resource/bioportal-sio","http://swlab.ic.uff.br/resource/bioportal-oae","http://swlab.ic.uff.br/resource/bioportal-mfo","http://swlab.ic.uff.br/resource/bioportal-ino","http://swlab.ic.uff.br/resource/bioportal-snomedct","http://swlab.ic.uff.br/resource/bioportal-nif_cell","http://swlab.ic.uff.br/resource/bioportal-apo","http://swlab.ic.uff.br/resource/bioportal-nif_dysfunction","http://swlab.ic.uff.br/resource/bioportal-xao","http://swlab.ic.uff.br/resource/bioportal-tm-signs-and-sympts","http://swlab.ic.uff.br/resource/bioportal-doid","http://swlab.ic.uff.br/resource/bioportal-sso","http://swlab.ic.uff.br/resource/bioportal-pedterm","http://swlab.ic.uff.br/resource/bioportal-rxnorm","http://swlab.ic.uff.br/resource/bioportal-adw","http://swlab.ic.uff.br/resource/bioportal-flu","http://swlab.ic.uff.br/resource/bioportal-imr","http://swlab.ic.uff.br/resource/bioportal-bho","http://swlab.ic.uff.br/resource/bioportal-nmr","http://swlab.ic.uff.br/resource/bioportal-mcbcc","http://swlab.ic.uff.br/resource/bioportal-who","http://swlab.ic.uff.br/resource/bioportal-hlth_indics","http://swlab.ic.uff.br/resource/bioportal-mo","http://swlab.ic.uff.br/resource/bioportal-air","http://swlab.ic.uff.br/resource/bioportal-lnc","http://swlab.ic.uff.br/resource/bioportal-hp_x1","http://swlab.ic.uff.br/resource/bioportal-birnlex","http://swlab.ic.uff.br/resource/bioportal-hpio","http://swlab.ic.uff.br/resource/bioportal-icpc","http://swlab.ic.uff.br/resource/bioportal-ypo","http://swlab.ic.uff.br/resource/bioportal-phare","http://swlab.ic.uff.br/resource/bioportal-npo","http://swlab.ic.uff.br/resource/bioportal-ndfrt","http://swlab.ic.uff.br/resource/bioportal-csp","http://swlab.ic.uff.br/resource/bioportal-teo","http://swlab.ic.uff.br/resource/bioportal-cogpo","http://swlab.ic.uff.br/resource/bioportal-unitsontology","http://swlab.ic.uff.br/resource/bioportal-lipro"
"http://swlab.ic.uff.br/resource/bioportal-csp-uni-mannheim","http://swlab.ic.uff.br/resource/bioportal-phare","http://swlab.ic.uff.br/resource/bioportal-vivo","http://swlab.ic.uff.br/resource/bioportal-tgma","http://swlab.ic.uff.br/resource/bioportal-vt","http://swlab.ic.uff.br/resource/bioportal-bho","http://swlab.ic.uff.br/resource/bioportal-ontodm","http://swlab.ic.uff.br/resource/bioportal-envo","http://swlab.ic.uff.br/resource/bioportal-adw","http://swlab.ic.uff.br/resource/bioportal-pr","http://swlab.ic.uff.br/resource/bioportal-rxnorm","http://swlab.ic.uff.br/resource/bioportal-go_x1","http://swlab.ic.uff.br/resource/bioportal-icd10","http://swlab.ic.uff.br/resource/bioportal-bila","http://swlab.ic.uff.br/resource/bioportal-fbbt","http://swlab.ic.uff.br/resource/bioportal-ev","http://swlab.ic.uff.br/resource/bioportal-lipro","http://swlab.ic.uff.br/resource/bioportal-exo","http://swlab.ic.uff.br/resource/bioportal-ehdaa2","http://swlab.ic.uff.br/resource/bioportal-oboe-sbc","http://swlab.ic.uff.br/resource/bioportal-atmo","http://swlab.ic.uff.br/resource/bioportal-air","http://swlab.ic.uff.br/resource/bioportal-hpio","http://swlab.ic.uff.br/resource/bioportal-bro_x1","http://swlab.ic.uff.br/resource/bioportal-sio","http://swlab.ic.uff.br/resource/bioportal-mfo","http://swlab.ic.uff.br/resource/bioportal-hp_x1","http://swlab.ic.uff.br/resource/bioportal-npo","http://swlab.ic.uff.br/resource/bioportal-rex","http://swlab.ic.uff.br/resource/bioportal-ndfrt","http://swlab.ic.uff.br/resource/bioportal-xao","http://swlab.ic.uff.br/resource/bioportal-nif_dysfunction","http://swlab.ic.uff.br/resource/bioportal-apo","http://swlab.ic.uff.br/resource/bioportal-doid","http://swlab.ic.uff.br/resource/bioportal-shr","http://swlab.ic.uff.br/resource/bioportal-tm-signs-and-sympts","http://swlab.ic.uff.br/resource/bioportal-sopharm","http://swlab.ic.uff.br/resource/bioportal-birnlex","http://swlab.ic.uff.br/resource/bioportal-icpc","http://swlab.ic.uff.br/resource/bioportal-ero","http://swlab.ic.uff.br/resource/bioportal-snomedct","http://swlab.ic.uff.br/resource/bioportal-mi","http://swlab.ic.uff.br/resource/bioportal-oae","http://swlab.ic.uff.br/resource/bioportal-mo","http://swlab.ic.uff.br/resource/bioportal-sso","http://swlab.ic.uff.br/resource/bioportal-cogpo","http://swlab.ic.uff.br/resource/bioportal-flu","http://swlab.ic.uff.br/resource/bioportal-lnc","http://swlab.ic.uff.br/resource/bioportal-hlth_indics","http://swlab.ic.uff.br/resource/bioportal-propreo","http://swlab.ic.uff.br/resource/bioportal-mcbcc","http://swlab.ic.uff.br/resource/bioportal-odgi","http://swlab.ic.uff.br/resource/bioportal-pedterm","http://swlab.ic.uff.br/resource/bioportal-nif_cell","http://swlab.ic.uff.br/resource/bioportal-ypo","http://swlab.ic.uff.br/resource/bioportal-ino","http://swlab.ic.uff.br/resource/bioportal-pma","http://swlab.ic.uff.br/resource/bioportal-go_x2","http://swlab.ic.uff.br/resource/bioportal-who","http://swlab.ic.uff.br/resource/bioportal-imr"
"http://swlab.ic.uff.br/resource/bioportal-lnc-uni-mannheim","http://swlab.ic.uff.br/resource/bioportal-nmr","http://swlab.ic.uff.br/resource/bioportal-tgma","http://swlab.ic.uff.br/resource/bioportal-adw","http://swlab.ic.uff.br/resource/bioportal-teo","http://swlab.ic.uff.br/resource/bioportal-pr","http://swlab.ic.uff.br/resource/bioportal-csp","http://swlab.ic.uff.br/resource/bioportal-pedterm","http://swlab.ic.uff.br/resource/bioportal-sopharm","http://swlab.ic.uff.br/resource/bioportal-sso","http://swlab.ic.uff.br/resource/bioportal-air","http://swlab.ic.uff.br/resource/bioportal-mi","http://swlab.ic.uff.br/resource/bioportal-flu","http://swlab.ic.uff.br/resource/bioportal-icpc","http://swlab.ic.uff.br/resource/bioportal-nif_dysfunction","http://swlab.ic.uff.br/resource/bioportal-hp_x1","http://swlab.ic.uff.br/resource/bioportal-bro_x1","http://swlab.ic.uff.br/resource/bioportal-mo","http://swlab.ic.uff.br/resource/bioportal-hpio","http://swlab.ic.uff.br/resource/bioportal-ev","http://swlab.ic.uff.br/resource/bioportal-go_x2","http://swlab.ic.uff.br/resource/bioportal-birnlex","http://swlab.ic.uff.br/resource/bioportal-atmo","http://swlab.ic.uff.br/resource/bioportal-snomedct","http://swlab.ic.uff.br/resource/bioportal-propreo","http://swlab.ic.uff.br/resource/bioportal-envo","http://swlab.ic.uff.br/resource/bioportal-doid","http://swlab.ic.uff.br/resource/bioportal-phare","http://swlab.ic.uff.br/resource/bioportal-icd10","http://swlab.ic.uff.br/resource/bioportal-fbbt","http://swlab.ic.uff.br/resource/bioportal-shr","http://swlab.ic.uff.br/resource/bioportal-exo","http://swlab.ic.uff.br/resource/bioportal-tm-signs-and-sympts","http://swlab.ic.uff.br/resource/bioportal-bila","http://swlab.ic.uff.br/resource/bioportal-nif_cell","http://swlab.ic.uff.br/resource/bioportal-cogpo","http://swlab.ic.uff.br/resource/bioportal-oae","http://swlab.ic.uff.br/resource/bioportal-rxnorm","http://swlab.ic.uff.br/resource/bioportal-who","http://swlab.ic.uff.br/resource/bioportal-sio","http://swlab.ic.uff.br/resource/bioportal-imr","http://swlab.ic.uff.br/resource/bioportal-ero","http://swlab.ic.uff.br/resource/bioportal-ehdaa2","http://swlab.ic.uff.br/resource/bioportal-bho","http://swlab.ic.uff.br/resource/bioportal-go_x1","http://swlab.ic.uff.br/resource/bioportal-mcbcc","http://swlab.ic.uff.br/resource/bioportal-odgi","http://swlab.ic.uff.br/resource/bioportal-vt","http://swlab.ic.uff.br/resource/bioportal-oboe-sbc","http://swlab.ic.uff.br/resource/bioportal-ndfrt","http://swlab.ic.uff.br/resource/bioportal-npo","http://swlab.ic.uff.br/resource/bioportal-lipro","http://swlab.ic.uff.br/resource/bioportal-hlth_indics","http://swlab.ic.uff.br/resource/bioportal-xao","http://swlab.ic.uff.br/resource/bioportal-mfo","http://swlab.ic.uff.br/resource/bioportal-ontodm","http://swlab.ic.uff.br/resource/bioportal-pma","http://swlab.ic.uff.br/resource/bioportal-vivo"
"http://swlab.ic.uff.br/resource/bioportal-snomedct-uni-mannheim","http://swlab.ic.uff.br/resource/bioportal-ino","http://swlab.ic.uff.br/resource/bioportal-adw","http://swlab.ic.uff.br/resource/bioportal-shr","http://swlab.ic.uff.br/resource/bioportal-ndfrt","http://swlab.ic.uff.br/resource/bioportal-ontodm","http://swlab.ic.uff.br/resource/bioportal-sso","http://swlab.ic.uff.br/resource/bioportal-bila","http://swlab.ic.uff.br/resource/bioportal-go_x2","http://swlab.ic.uff.br/resource/bioportal-tm-signs-and-sympts","http://swlab.ic.uff.br/resource/bioportal-sopharm","http://swlab.ic.uff.br/resource/bioportal-nmr","http://swlab.ic.uff.br/resource/bioportal-oboe-sbc","http://swlab.ic.uff.br/resource/bioportal-nif_dysfunction","http://swlab.ic.uff.br/resource/bioportal-lnc","http://swlab.ic.uff.br/resource/bioportal-icpc","http://swlab.ic.uff.br/resource/bioportal-ypo","http://swlab.ic.uff.br/resource/bioportal-fbbt","http://swlab.ic.uff.br/resource/bioportal-ev","http://swlab.ic.uff.br/resource/bioportal-pma","http://swlab.ic.uff.br/resource/bioportal-exo","http://swlab.ic.uff.br/resource/bioportal-oae","http://swlab.ic.uff.br/resource/bioportal-propreo","http://swlab.ic.uff.br/resource/bioportal-ehdaa2","http://swlab.ic.uff.br/resource/bioportal-air","http://swlab.ic.uff.br/resource/bioportal-odgi","http://swlab.ic.uff.br/resource/bioportal-mo","http://swlab.ic.uff.br/resource/bioportal-birnlex","http://swlab.ic.uff.br/resource/bioportal-teo","http://swlab.ic.uff.br/resource/bioportal-who","http://swlab.ic.uff.br/resource/bioportal-mi","http://swlab.ic.uff.br/resource/bioportal-vivo","http://swlab.ic.uff.br/resource/bioportal-csp","http://swlab.ic.uff.br/resource/bioportal-mcbcc","http://swlab.ic.uff.br/resource/bioportal-pr","http://swlab.ic.uff.br/resource/bioportal-ero","http://swlab.ic.uff.br/resource/bioportal-rex","http://swlab.ic.uff.br/resource/bioportal-tads","http://swlab.ic.uff.br/resource/bioportal-envo","http://swlab.ic.uff.br/resource/bioportal-go_x1","http://swlab.ic.uff.br/resource/bioportal-nif_cell","http://swlab.ic.uff.br/resource/bioportal-lipro","http://swlab.ic.uff.br/resource/bioportal-bro_x1","http://swlab.ic.uff.br/resource/bioportal-cogpo","http://swlab.ic.uff.br/resource/bioportal-pedterm","http://swlab.ic.uff.br/resource/bioportal-bho","http://swlab.ic.uff.br/resource/bioportal-hp_x1","http://swlab.ic.uff.br/resource/bioportal-atmo","http://swlab.ic.uff.br/resource/bioportal-flu","http://swlab.ic.uff.br/resource/bioportal-sio","http://swlab.ic.uff.br/resource/bioportal-rxnorm","http://swlab.ic.uff.br/resource/bioportal-icd10","http://swlab.ic.uff.br/resource/bioportal-apo","http://swlab.ic.uff.br/resource/bioportal-imr","http://swlab.ic.uff.br/resource/bioportal-tgma","http://swlab.ic.uff.br/resource/bioportal-phare","http://swlab.ic.uff.br/resource/bioportal-doid","http://swlab.ic.uff.br/resource/bioportal-xao","http://swlab.ic.uff.br/resource/bioportal-mfo","http://swlab.ic.uff.br/resource/bioportal-hpio","http://swlab.ic.uff.br/resource/bioportal-hlth_indics","http://swlab.ic.uff.br/resource/bioportal-vt","http://swlab.ic.uff.br/resource/bioportal-npo","http://swlab.ic.uff.br/resource/bioportal-unitsontology"
"http://swlab.ic.uff.br/resource/rkb-explorer-ulm-uni-mannheim","http://swlab.ic.uff.br/resource/rkb-explorer-southampton","http://swlab.ic.uff.br/resource/rkb-explorer-wiki","http://swlab.ic.uff.br/resource/rkb-explorer-rae2001"
"http://swlab.ic.uff.br/resource/rkb-explorer-curriculum-uni-mannheim","http://swlab.ic.uff.br/resource/rkb-explorer-wiki","http://swlab.ic.uff.br/resource/rkb-explorer-southampton","http://swlab.ic.uff.br/resource/rkb-explorer-rae2001","http://swlab.ic.uff.br/resource/rkb-explorer-courseware"
"http://swlab.ic.uff.br/resource/rkb-explorer-courseware-uni-mannheim","http://swlab.ic.uff.br/resource/rkb-explorer-rae2001","http://swlab.ic.uff.br/resource/rkb-explorer-curriculum","http://swlab.ic.uff.br/resource/rkb-explorer-budapest","http://swlab.ic.uff.br/resource/rkb-explorer-southampton"
"http://swlab.ic.uff.br/resource/rkb-explorer-budapest-uni-mannheim","http://swlab.ic.uff.br/resource/rkb-explorer-rae2001","http://swlab.ic.uff.br/resource/rkb-explorer-wiki","http://swlab.ic.uff.br/resource/rkb-explorer-courseware","http://swlab.ic.uff.br/resource/rkb-explorer-southampton"
"http://swlab.ic.uff.br/resource/rkb-explorer-rae2001-uni-mannheim","http://swlab.ic.uff.br/resource/rkb-explorer-curriculum","http://swlab.ic.uff.br/resource/rkb-explorer-courseware","http://swlab.ic.uff.br/resource/rkb-explorer-southampton","http://swlab.ic.uff.br/resource/rkb-explorer-ulm","http://swlab.ic.uff.br/resource/rkb-explorer-budapest"
"http://swlab.ic.uff.br/resource/rkb-explorer-wiki-uni-mannheim","http://swlab.ic.uff.br/resource/rkb-explorer-curriculum","http://swlab.ic.uff.br/resource/rkb-explorer-budapest","http://swlab.ic.uff.br/resource/rkb-explorer-southampton","http://swlab.ic.uff.br/resource/rkb-explorer-ulm"
"http://swlab.ic.uff.br/resource/rkb-explorer-southampton-uni-mannheim","http://swlab.ic.uff.br/resource/rkb-explorer-curriculum","http://swlab.ic.uff.br/resource/rkb-explorer-courseware","http://swlab.ic.uff.br/resource/rkb-explorer-budapest","http://swlab.ic.uff.br/resource/rkb-explorer-wiki","http://swlab.ic.uff.br/resource/rkb-explorer-rae2001","http://swlab.ic.uff.br/resource/rkb-explorer-ulm"
"http://swlab.ic.uff.br/resource/statusnet-ssweeny-net-uni-mannheim","http://swlab.ic.uff.br/resource/statusnet-skilledtests-com"
"http://swlab.ic.uff.br/resource/statusnet-rainbowdash-net-uni-mannheim","http://swlab.ic.uff.br/resource/statusnet-skilledtests-com"
"http://swlab.ic.uff.br/resource/statusnet-skilledtests-com-uni-mannheim","http://swlab.ic.uff.br/resource/statusnet-rainbowdash-net","http://swlab.ic.uff.br/resource/statusnet-bka-li","http://swlab.ic.uff.br/resource/statusnet-ssweeny-net"
